INSERT INTO UserAccount VALUES('useraccount1', 'useraccount', 1, N'None', 0)
INSERT INTO KhachHang VALUES('1000000000', 'useraccount1', N'Default Name', '0123456789', 'email@gmail.com', null, null, null, 0, 0, null)
INSERT INTO DiaChi VALUES('1000000000', '1000000000', N'useraccount', '0123456678', 15, 1505, 150503, '17 ??ng Kè', 0)
INSERT INTO Shop VALUES('1000000000', N'AZ Vi?t Nam', '0123456789', 'az@gmail.com', '1000000000', '2024/04/24', 1, 0, 0, null)
INSERT INTO KhachHang_Shop VALUES('1000000000', '1000000000')
INSERT INTO BaiDang	VALUES		('1000000000', N'Sách - Cái Ch?t C?a Nh?ng Xác S?ng', '', 0, 20, null)
INSERT INTO BaiDang_Shop VALUES	('1000000000', '1000000000')
INSERT INTO SanPham VALUES			('1000000000', '0000000002', N'T?p 1', 139000, 100, N'Masaya Yamaguchi ', N'Tr?nh Thanh Tâm', N'Ti?ng Vi?t', 376, 2023, N'AZ Vi?t Nam', N'Bìa m?m', '', 0, null)
INSERT INTO SanPham_BaiDang VALUES	('1000000000', '1000000000')
INSERT INTO SanPham VALUES			('1000000001', '0000000002', N'T?p 2', 119000, 100, N'Masaya Yamaguchi ', N'Võ Ph??ng Ngân', N'Ti?ng Vi?t', 320, 2023, N'AZ Vi?t Nam', N'Bìa m?m', '', 0, null)
INSERT INTO SanPham_BaiDang VALUES	('1000000001', '1000000000')

INSERT INTO BaiDang	VALUES		('1000000001', N'Combo 2 Cu?n: Th? Gi?i Bên Trong Cái Ác + Hai M??i Dáng Hình T?i Ác', '', 0, 18, null)
INSERT INTO BaiDang_Shop VALUES	('1000000001', '1000000000')
INSERT INTO SanPham VALUES			('1000000002', '0000000002', N'Th? Gi?i Bên Trong Cái Ác', 135000, 200, N'Tr??ng Úy', N'Tú Ph??ng', N'Ti?ng Vi?t', 440, 2023, N'AZ Vi?t Nam', N'Bìa m?m', '', 0, null)
INSERT INTO SanPham_BaiDang VALUES	('1000000002', '1000000001')
INSERT INTO SanPham VALUES			('1000000003', '0000000002', N'Hai M??i Dáng Hình T?i Ác', 129000, 200, N'Tr??ng Úy ', N'D? Uy?n', N'Ti?ng Vi?t', 368, 2023, N'AZ Vi?t Nam', N'Bìa m?m', '', 0, null)
INSERT INTO SanPham_BaiDang VALUES	('1000000003', '1000000001')

INSERT INTO BaiDang	VALUES		('1000000002', N'Sách - Bàn Tròn Trí M?ng', '', 0, 27, null)
INSERT INTO BaiDang_Shop VALUES	('1000000002', '1000000000')
INSERT INTO SanPham VALUES			('1000000004', '0000000002', N'T?p 1', 139000, 300, N'Ti?u Thanh Tranh', N'??ng H?ng Quân', N'Ti?ng Vi?t', 356, 2023, N'AZ Vi?t Nam', N'Bìa m?m', '', 0, null)
INSERT INTO SanPham_BaiDang VALUES	('1000000004', '1000000002')
INSERT INTO SanPham VALUES			('1000000005', '0000000002', N'T?p 2', 149000, 300, N'Ti?u Thanh Tranh', N'??ng H?ng Quân', N'Ti?ng Vi?t', 404, 2023, N'AZ Vi?t Nam', N'Bìa m?m', '', 0, null)
INSERT INTO SanPham_BaiDang VALUES	('1000000005', '1000000002')

INSERT INTO BaiDang	VALUES		('1000000003', N'Sách Bloom Books - TLH Gi?i Mã Tình Yêu + Thu?t Thao Túng + Hành Tinh C?a M?t K? Ngh? Nhi?u + Tôi V? Tan', '', 0, 27, null)
INSERT INTO BaiDang_Shop VALUES	('1000000003', '1000000000')
INSERT INTO SanPham VALUES			('1000000006', '0000000006', N'Tâm Lý H?c Gi?i Mã Tình Yêu', 119000, 123, N'Logan Ury', N'Trang Hoàng', N'Ti?ng Vi?t', 216, 2022, N'AZ Vi?t Nam', N'Bìa m?m', '', 0, null)
INSERT INTO SanPham_BaiDang VALUES	('1000000006', '1000000003')
INSERT INTO SanPham VALUES			('1000000007', '0000000006', N'Thu?t Thao Túng', 139000, 312, N'Wladislaw Jachtchenko', N'V? Trung Phi Y?n', N'Ti?ng Vi?t', 344, 2022, N'AZ Vi?t Nam', N'Bìa m?m', '', 0, null)
INSERT INTO SanPham_BaiDang VALUES	('1000000007', '1000000003')
INSERT INTO SanPham VALUES			('1000000008', '0000000006', N'Hành Tinh C?a M?t K? Ngh? Nhi?u', 86000, 300, N'Nguy?n ?oàn Minh Th?', N'Không', N'Ti?ng Vi?t', 184, 2022, N'AZ Vi?t Nam', N'Bìa m?m', '', 0, null)
INSERT INTO SanPham_BaiDang VALUES	('1000000008', '1000000003')
INSERT INTO SanPham VALUES			('1000000009', '0000000006', N'Tôi V? Tan', 99000, 300, N'Bianca Sparacino', N'Yuki', N'Ti?ng Vi?t', 192, 2022, N'AZ Vi?t Nam', N'Bìa m?m', '', 0, null)
INSERT INTO SanPham_BaiDang VALUES	('1000000009', '1000000003')


INSERT INTO UserAccount VALUES('useraccount2', 'useraccount', 1, N'None', 0)
INSERT INTO KhachHang VALUES('1000000001', 'useraccount2', N'Default Name', '0123456789', 'email@gmail.com', null, null, null, 0, 0, null)
INSERT INTO DiaChi VALUES('1000000001', '1000000001', N'useraccount', '0123456678', 15, 1505, 150503, '17 ??ng Kè', 0)
INSERT INTO Shop VALUES('1000000001', N'Nhã Nam', '0123456789', 'nhanam@gmail.com', '1000000001', '2024/04/24', 1, 0, 0, null)
INSERT INTO KhachHang_Shop VALUES('1000000001', '1000000001')

INSERT INTO BaiDang	VALUES		('1100000000', N'Sách - Series v?n h?c trinh thám c?a tác gi? Higashino Keigo', '', 0, 22, null)
INSERT INTO BaiDang_Shop VALUES	('1100000000', '1000000001')
INSERT INTO SanPham VALUES			('1100000000', '0000000002', N'Cánh c?ng sát nhân', 249000, 100, N'Higashino Keigo', N'Nguy?n H?i Anh', N'Ti?ng Vi?t', 529, 2022, N'H?i Nhà V?n', N'Bìa m?m', '', 0, null)
INSERT INTO SanPham_BaiDang VALUES	('1100000000', '1100000000')
INSERT INTO SanPham VALUES			('1100000001', '0000000002', N'Thanh g??m do d?', 199000, 100, N'Higashino Keigo', N'M?c Miên', N'Ti?ng Vi?t', 475, 2022, N'Hà N?i', N'Bìa m?m', '', 0, null)
INSERT INTO SanPham_BaiDang VALUES	('1100000001', '1100000000')
INSERT INTO SanPham VALUES			('1100000002', '0000000002', N'Cánh c?ng sát nhân', 249000, 100, N'Higashino Keigo', N'Nguy?n H?i Anh', N'Ti?ng Vi?t', 532, 2022, N'Hà N?i', N'Bìa m?m', '', 0, null)
INSERT INTO SanPham_BaiDang VALUES	('1100000002', '1100000000')
INSERT INTO SanPham VALUES			('1100000003', '0000000002', N'Hoa m?ng ?o', 129000, 100, N'Higashino Keigo', N'V??ng H?i Y?n', N'Ti?ng Vi?t', 321, 2022, N'Hà N?i', N'Bìa m?m', '', 0, null)
INSERT INTO SanPham_BaiDang VALUES	('1100000003', '1100000000')
INSERT INTO SanPham VALUES			('1100000004', '0000000002', N'Khách s?n m?t n?', 300000, 100, N'Higashino Keigo', N'Nguy?n H?i Anh', N'Ti?ng Vi?t', 729, 2022, N'H?i Nhà V?n', N'Bìa m?m', '', 0, null)
INSERT INTO SanPham_BaiDang VALUES	('1100000004', '1100000000')
INSERT INTO SanPham VALUES			('1100000005', '0000000002', N'Nhà ?o thu?t ?en', 199000, 100, N'Higashino Keigo', N'M?c Miên', N'Ti?ng Vi?t', 455, 2022, N'Hà N?i', N'Bìa m?m', '', 0, null)
INSERT INTO SanPham_BaiDang VALUES	('1100000005', '1100000000')
INSERT INTO SanPham VALUES			('1100000006', '0000000002', N'V? án m?ng ? nhà khách núi Hakuba', 138000, 100, N'Higashino Keigo', N'Nguy?n H?i Anh', N'Ti?ng Vi?t', 421, 2022, N'Hà N?i', N'Bìa m?m', '', 0, null)
INSERT INTO SanPham_BaiDang VALUES	('1100000007', '1100000000')
INSERT INTO SanPham VALUES			('1100000008', '0000000002', N'Trái tim c?a Brutus', 138000, 100, N'Higashino Keigo', N'V??ng H?i Y?n', N'Ti?ng Vi?t', 351, 2022, N'Hà N?i', N'Bìa m?m', '', 0, null)
INSERT INTO SanPham_BaiDang VALUES	('1100000008', '1100000000')
INSERT INTO SanPham VALUES			('1100000009', '0000000002', N'V? án m?ng ? l? quán Kairotei', 123000, 100, N'Higashino Keigo', N'Nguy?n H?i Anh', N'Ti?ng Vi?t', 315, 2022, N'H?i Nhà V?n', N'Bìa m?m', '', 0, null)
INSERT INTO SanPham_BaiDang VALUES	('1100000009', '1100000000')
INSERT INTO SanPham VALUES			('1100000010', '0000000002', N'Án m?ng m??i m?t ch?', 110000, 100, N'Higashino Keigo', N'M?c Miên', N'Ti?ng Vi?t', 255, 2022, N'Hà N?i', N'Bìa m?m', '', 0, null)
INSERT INTO SanPham_BaiDang VALUES	('1100000010', '1100000000')
INSERT INTO SanPham VALUES			('1100000011', '0000000002', N'Phía sau nghi can X', 129000, 100, N'Higashino Keigo', N'Nguy?n H?i Anh', N'Ti?ng Vi?t', 392, 2022, N'Hà N?i', N'Bìa m?m', '', 0, null)
INSERT INTO SanPham_BaiDang VALUES	('1100000011', '1100000000')
INSERT INTO SanPham VALUES			('1100000012', '0000000002', N'S? c?u r?i c?a thánh n?', 128000, 100, N'Higashino Keigo', N'V??ng H?i Y?n', N'Ti?ng Vi?t', 351, 2022, N'Hà N?i', N'Bìa m?m', '', 0, null)
INSERT INTO SanPham_BaiDang VALUES	('1100000012', '1100000000')
INSERT INTO SanPham VALUES			('1100000009', '0000000002', N'Ph??ng trình h? chí', 159000, 100, N'Higashino Keigo', N'Nguy?n H?i Anh', N'Ti?ng Vi?t', 415, 2022, N'H?i Nhà V?n', N'Bìa m?m', '', 0, null)
INSERT INTO SanPham_BaiDang VALUES	('1100000009', '1100000000')
INSERT INTO SanPham VALUES			('1100000010', '0000000002', N'?i?u k? di?u c?a ti?m t?p hóa Namiya', 105000, 100, N'Higashino Keigo', N'M?c Miên', N'Ti?ng Vi?t', 255, 2022, N'Hà N?i', N'Bìa m?m', '', 0, null)
INSERT INTO SanPham_BaiDang VALUES	('1100000010', '1100000000')
INSERT INTO SanPham VALUES			('1100000011', '0000000002', N'Thiên nga và d?i', 269000, 100, N'Higashino Keigo', N'Nguy?n H?i Anh', N'Ti?ng Vi?t', 692, 2022, N'Hà N?i', N'Bìa m?m', '', 0, null)
INSERT INTO SanPham_BaiDang VALUES	('1100000011', '1100000000')
INSERT INTO SanPham VALUES			('1100000012', '0000000002', N'Ph? tan màn ?êm', 179000, 100, N'Higashino Keigo', N'V??ng H?i Y?n', N'Ti?ng Vi?t', 451, 2022, N'Hà N?i', N'Bìa m?m', '', 0, null)
INSERT INTO SanPham_BaiDang VALUES	('1100000012', '1100000000')

select * from LoaiSanPham
